ID,Name,Gene Name,GenBank Protein ID,GenBank Gene ID,UniProt ID,Uniprot Title,PDB ID,GeneCard ID,GenAtlas ID,HGNC ID,Species,Drug IDs
4,Coagulation factor XIII A chain,F13A1,182309,M22001,P00488,F13A_HUMAN,1EVU; 1EX0; 1F13; 1FIE; 1GGT; 1GGU; 1GGY; 1QRK; 4KTY,,F13A1,HGNC:3531,Humans,DB11300; DB11311; DB11571; DB13151
15,High affinity immunoglobulin epsilon receptor subunit alpha,FCER1A,31318,X06948,P12319,FCERA_HUMAN,1ALS; 1ALT; 1F2Q; 1F6A; 1J86; 1J87; 1J88; 1J89; 1RPQ; 2Y7Q,,FCER1A,HGNC:3609,Humans,DB00043
16,Coagulation factor VIII,F8,182818,M14113,P00451,FA8_HUMAN,1CFG; 1D7P; 1FAC; 1IQD; 2R7E; 3CDZ; 3HNB; 3HNY; 3HOB; 3J2Q; 3J2S; 4BDV; 4KI5; 4PT6,,F8,HGNC:3546,Humans,DB00055; DB00100; DB11300; DB11312; DB11571; DB11572; DB12872; DB13133; DB13151; DB13152; DB13933; DB14700
25,Collagen alpha-1(I) chain,COL1A1,1418928,Z74615,P02452,CO1A1_HUMAN,1Q7D; 2LLP; 3EJH; 3GXE,,COL1A1,HGNC:2197,Humans,DB12872; DB13133
29,Vascular endothelial growth factor receptor 1,FLT1,31432,X51602,P17948,VGFR1_HUMAN,1FLT; 1QSV; 1QSZ; 1QTY; 1RV6; 2XAC; 3HNG; 4CKV; 4CL7,,FLT1,HGNC:3763,Humans,DB10770
33,Insulin receptor,INSR,307070,M10051,P06213,INSR_HUMAN,1GAG; 1I44; 1IR3; 1IRK; 1P14; 1RQQ; 2AUH; 2B4S; 2DTG; 2HR7; 2MFR; 2Z8C; 3BU3; 3BU5; 3BU6; 3EKK; 3EKN; 3ETA; 3LOH; 3W11; 3W12; 3W13; 3W14; 4IBM; 4OGA; 4XLV; 4XSS; 4XST; 5E1S,,INSR,HGNC:6091,Humans,DB00030; DB00046; DB00047; DB00071; DB01306; DB01307; DB01309; DB09564
41,Coagulation factor V,F5,182412,M16967,P12259,FA5_HUMAN,1CZS; 1CZT; 1CZV; 1FV4; 1Y61; 3P6Z; 3P70; 3S9C,,F5,HGNC:3542,Humans,DB00055; DB11300; DB11312; DB11571; DB11572; DB13149; DB13151
48,Prothrombin,F2,339641,M17262,P00734,THRB_HUMAN,1A2C; 1A3B; 1A3E; 1A46; 1A4W; 1A5G; 1A61; 1ABI; 1ABJ; 1AD8; 1AE8; 1AFE; 1AHT; 1AI8; 1AIX; 1AWF; 1AWH; 1AY6; 1B5G; 1B7X; 1BA8; 1BB0; 1BCU; 1BHX; 1BMM; 1BMN; 1BTH; 1C1U; 1C1V; 1C1W; 1C4U; 1C4V; 1C4Y; 1C5L; 1C5N; 1C5O; 1CA8; 1D3D; 1D3P; 1D3Q; 1D3T; 1D4P; 1D6W; 1D9I; 1DE7; 1DIT; 1DM4; 1DOJ; 1DWB; 1DWC; 1DWD; 1DWE; 1DX5; 1E0F; 1EB1; 1EOJ; 1EOL; 1FPC; 1FPH; 1G30; 1G32; 1G37; 1GHV; 1GHW; 1GHX; 1GHY; 1GJ4; 1GJ5; 1H8D; 1H8I; 1HAG; 1HAH; 1HAI; 1HAO; 1HAP; 1HBT; 1HDT; 1HGT; 1HLT; 1HUT; 1HXE; 1HXF; 1IHS; 1IHT; 1JMO; 1JOU; 1JWT; 1K21; 1K22; 1KTS; 1KTT; 1LHC; 1LHD; 1LHE; 1LHF; 1LHG; 1MH0; 1MU6; 1MU8; 1MUE; 1NM6; 1NO9; 1NRN; 1NRO; 1NRP; 1NRQ; 1NRR; 1NRS; 1NT1; 1NU7; 1NU9; 1NY2; 1NZQ; 1O0D; 1O2G; 1O5G; 1OOK; 1OYT; 1P8V; 1PPB; 1QBV; 1QHR; 1QJ1; 1QJ6; 1QJ7; 1QUR; 1RD3; 1RIW; 1SB1; 1SFQ; 1SG8; 1SGI; 1SHH; 1SL3; 1SR5; 1T4U; 1T4V; 1TA2; 1TA6; 1TB6; 1TBZ; 1THP; 1THR; 1THS; 1TMB; 1TMT; 1TMU; 1TOM; 1TQ0; 1TQ7; 1TWX; 1UMA; 1UVS; 1VR1; 1VZQ; 1W7G; 1WAY; 1WBG; 1XM1; 1XMN; 1YPE; 1YPG; 1YPJ; 1YPK; 1YPL; 1YPM; 1Z71; 1Z8I; 1Z8J; 1ZGI; 1ZGV; 1ZRB; 2A0Q; 2A2X; 2A45; 2AFQ; 2ANK; 2ANM; 2B5T; 2BDY; 2BVR; 2BVS; 2BVX; 2BXT; 2BXU; 2C8W; 2C8X; 2C8Y; 2C8Z; 2C90; 2C93; 2CF8; 2CF9; 2CN0; 2FEQ; 2FES; 2GDE; 2GP9; 2H9T; 2HGT; 2HNT; 2HPP; 2HPQ; 2HWL; 2JH0; 2JH5; 2JH6; 2OD3; 2PGB; 2PGQ; 2PKS; 2PW8; 2R2M; 2THF; 2UUF; 2UUJ; 2UUK; 2V3H; 2V3O; 2ZC9; 2ZDA; 2ZDV; 2ZF0; 2ZFF; 2ZFP; 2ZFQ; 2ZFR; 2ZG0; 2ZGB; 2ZGX; 2ZHE; 2ZHF; 2ZHQ; 2ZHW; 2ZI2; 2ZIQ; 2ZNK; 2ZO3; 3B23; 3B9F; 3BEF; 3BEI; 3BF6; 3BIU; 3BIV; 3BV9; 3C1K; 3C27; 3D49; 3DA9; 3DD2; 3DHK; 3DT0; 3DUX; 3E6P; 3EE0; 3EGK; 3EQ0; 3F68; 3GIC; 3GIS; 3HAT; 3HKJ; 3HTC; 3JZ1; 3JZ2; 3K65; 3LDX; 3LU9; 3NXP; 3P17; 3P6Z; 3P70; 3PMH; 3PO1; 3QDZ; 3QGN; 3QLP; 3QTO; 3QTV; 3QWC; 3QX5; 3R3G; 3RLW; 3RLY; 3RM0; 3RM2; 3RML; 3RMM; 3RMN; 3RMO; 3S7H; 3S7K; 3SHA; 3SHC; 3SI3; 3SI4; 3SQE; 3SQH; 3SV2; 3T5F; 3TU7; 3U69; 3U8O; 3U8R; 3U8T; 3U98; 3U9A; 3UTU; 3UWJ; 3VXE; 3VXF; 4AX9; 4AYV; 4AYY; 4AZ2; 4BAH; 4BAK; 4BAM; 4BAN; 4BAO; 4BAQ; 4BOH; 4CH2; 4CH8; 4DIH; 4DII; 4DT7; 4DY7; 4E05; 4E06; 4E7R; 4H6S; 4H6T; 4HFP; 4HTC; 4HZH; 4I7Y; 4LOY; 4LXB; 4LZ1; 4LZ4; 4MLF; 4N3L; 4NZE; 4NZQ; 4O03; 4RKJ; 4RKO; 4RN6; 4THN; 4UD9; 4UDW; 4UE7; 4UEH; 4YES; 5AF9; 5AFY; 5AFZ; 5AHG; 5E8E; 5GDS; 7KME; 8KME,,F2,HGNC:3535,Humans,DB00001; DB05777; DB09109; DB09228; DB11166; DB13151; DB14738
61,Cannabinoid receptor 1,CNR1,29915,X54937,P21554,CNR1_HUMAN,1LVQ; 1LVR; 2B0Y; 2KOE,,CNR1,HGNC:2159,Humans,DB14009
66,B-lymphocyte antigen CD20,MS4A1,29774,X12530,P11836,CD20_HUMAN,1S8B; 2OSL; 3BKY; 3PP4,,MS4A1,HGNC:7315,Humans,DB00073; DB00078; DB00081; DB06650; DB08935; DB11988
70,Group 10 secretory phospholipase A2,PLA2G10,2289237,U95301,O15496,PA2GX_HUMAN,1LE6; 1LE7; 4UY1,,PLA2G10,HGNC:9029,Humans,DB13893; DB13894
71,Peroxisome proliferator-activated receptor alpha,PPARA,307341,L02932,Q07869,PPARA_HUMAN,1I7G; 1K7L; 1KKQ; 2NPA; 2P54; 2REW; 2ZNN; 3ET1; 3FEI; 3G8I; 3KDT; 3KDU; 3SP6; 3VI8; 4BCR; 4CI4,,PPARA,HGNC:9232,Humans,DB09422
75,Growth hormone receptor,GHR,31738,X06562,P10912,GHR_HUMAN,1A22; 1AXI; 1HWG; 1HWH; 1KF9; 2AEW; 3HHR,,GHR,HGNC:4263,Humans,DB00052; DB00082; DB09098
83,CAMPATH-1 antigen,CD52,29646,X62466,P31358,CD52_HUMAN,"",,CD52,HGNC:1804,Humans,DB00087
118,Synaptic vesicular amine transporter,SLC18A2,292335,L09118,Q05940,VMAT2_HUMAN,"",,SLC18A2,HGNC:10935,Humans,DB01363
134,Lutropin-choriogonadotropic hormone receptor,LHCGR,903746,M73746,P22888,LSHR_HUMAN,1LUT; 1XUL,,LHCGR,HGNC:6585,Humans,DB00032; DB00044; DB00097; DB06719; DB09126
143,Tubulin beta chain,TUBB,338695,J00314,P07437,TBB5_HUMAN,3QNZ; 3QO0,,TUBB,HGNC:20778,Humans,DB11731
163,Vascular endothelial growth factor A,VEGFA,181971,M32977,P15692,VEGFA_HUMAN,1BJ1; 1CZ8; 1FLT; 1KAT; 1KMX; 1MJV; 1MKG; 1MKK; 1QTY; 1TZH; 1TZI; 1VGH; 1VPF; 1VPP; 2FJG; 2FJH; 2QR0; 2VGH; 2VPF; 3BDY; 3P9W; 3QTK; 3S1B; 3S1K; 3V2A; 4DEQ; 4GLN; 4GLS; 4KZN; 4QAF; 4WPB; 4ZFF,,VEGF,HGNC:12680,Humans,DB00112; DB01270; DB08885; DB10772; DB14864
172,Beta-1 adrenergic receptor,ADRB1,178200,J03019,P08588,ADRB1_HUMAN,2LSQ,,ADRB1,HGNC:285,Humans,DB01363
183,B-cell receptor CD22,CD22,36091,X59350,P20273,CD22_HUMAN,"",,CD22,HGNC:1643,Humans,DB05889; DB12688
203,Gonadotropin-releasing hormone receptor,GNRHR,183422,L03380,P30968,GNRHR_HUMAN,"",,GNRHR,HGNC:4421,Humans,DB06719
205,Platelet-derived growth factor receptor beta,PDGFRB,189732,J03278,P09619,PGFRB_HUMAN,1GQ5; 1H9O; 1LWP; 1SHA; 2L6W; 2PLD; 2PLE; 3MJG,,PDGFRB,HGNC:8804,Humans,DB00102
211,Plasminogen,PLG,387026,X05199,P00747,PLMN_HUMAN,1B2I; 1BML; 1BUI; 1CEA; 1CEB; 1DDJ; 1HPJ; 1HPK; 1I5K; 1KI0; 1KRN; 1L4D; 1L4Z; 1PK4; 1PKR; 1PMK; 1QRZ; 1RJX; 2DOH; 2DOI; 2KNF; 2L0S; 2PK4; 3UIR; 4A5T; 4CIK; 4DCB; 4DUR; 4DUU; 5HPG,,PLG,HGNC:9071,Humans,DB00009; DB00013; DB00015; DB00029; DB00031; DB00086
216,Coagulation factor X,F10,182841,K03194,P00742,FA10_HUMAN,1C5M; 1EZQ; 1F0R; 1F0S; 1FAX; 1FJS; 1FXY; 1G2L; 1G2M; 1HCG; 1IOE; 1IQE; 1IQF; 1IQG; 1IQH; 1IQI; 1IQJ; 1IQK; 1IQL; 1IQM; 1IQN; 1KSN; 1LPG; 1LPK; 1LPZ; 1LQD; 1MQ5; 1MQ6; 1MSX; 1NFU; 1NFW; 1NFX; 1NFY; 1NL8; 1P0S; 1V3X; 1WU1; 1XKA; 1XKB; 1Z6E; 2BMG; 2BOH; 2BOK; 2BQ6; 2BQ7; 2BQW; 2CJI; 2D1J; 2EI6; 2EI7; 2EI8; 2FZZ; 2G00; 2GD4; 2H9E; 2J2U; 2J34; 2J38; 2J4I; 2J94; 2J95; 2JKH; 2P16; 2P3F; 2P3T; 2P3U; 2P93; 2P94; 2P95; 2PHB; 2PR3; 2Q1J; 2RA0; 2UWL; 2UWO; 2UWP; 2VH0; 2VH6; 2VVC; 2VVU; 2VVV; 2VWL; 2VWM; 2VWN; 2VWO; 2W26; 2W3I; 2W3K; 2WYG; 2WYJ; 2XBV; 2XBW; 2XBX; 2XBY; 2XC0; 2XC4; 2XC5; 2Y5F; 2Y5G; 2Y5H; 2Y7X; 2Y7Z; 2Y80; 2Y81; 2Y82; 3CEN; 3CS7; 3ENS; 3FFG; 3HPT; 3IIT; 3K9X; 3KL6; 3KQB; 3KQC; 3KQD; 3KQE; 3LIW; 3M36; 3M37; 3Q3K; 3SW2; 3TK5; 3TK6; 4A7I; 4BTI; 4BTT; 4BTU; 4Y6D; 4Y71; 4Y76; 4Y79; 4Y7A; 4Y7B,,F10,HGNC:3528,Humans,DB00025; DB00100; DB09109; DB11166; DB13149; DB13150; DB13151; DB13152; DB13192; DB13884; DB13923; DB13933; DB13998; DB13999; DB14738
240,Plasminogen activator inhibitor 1,SERPINE1,35272,X04429,P05121,PAI1_HUMAN,1A7C; 1B3K; 1C5G; 1DB2; 1DVM; 1DVN; 1LJ5; 1OC0; 3CVM; 3EOX; 3PB1; 3Q02; 3Q03; 3R4L; 3UT3; 4AQH; 4G8O; 4G8R; 4IC0; 5BRR; 9PAI,,SERPINE1,HGNC:8583,Humans,DB00013
262,Prostaglandin G/H synthase 2,PTGS2,291988,L15326,P35354,PGH2_HUMAN,1V0X,,PTGS2,HGNC:9605,Humans,DB13961
274,T-cell surface glycoprotein CD3 epsilon chain,CD3E,469945,X03884,P07766,CD3E_HUMAN,1A81; 1SY6; 1XIW; 2ROL,,CD3E,HGNC:1674,Humans,DB00075; DB06607
280,Antithrombin-III,SERPINC1,179161,M21642,P01008,ANT3_HUMAN,1ANT; 1ATH; 1AZX; 1BR8; 1DZG; 1DZH; 1E03; 1E04; 1E05; 1JVQ; 1LK6; 1NQ9; 1OYH; 1R1L; 1SR5; 1T1F; 1TB6; 2ANT; 2B4X; 2B5T; 2BEH; 2GD4; 2HIJ; 2ZNH; 3EVJ; 3KCG; 4EB1,,SERPINC1,HGNC:775,Humans,DB06271
289,Alpha-2A adrenergic receptor,ADRA2A,178196,M23533,P08913,ADA2A_HUMAN,1HLL; 1HO9; 1HOD; 1HOF,,ADRA2A,HGNC:281,Humans,DB01363
308,DNA polymerase catalytic subunit,,59530,X14112,P04293,DPOL_HHV11,"",,,,HHV-1,DB13896
318,Secretin receptor,SCTR,662796,U20178,P47872,SCTR_HUMAN,"",,SCTR,HGNC:10608,Humans,DB09532
333,Coagulation factor VII,F7,182801,M13232,P08709,FA7_HUMAN,1BF9; 1CVW; 1DAN; 1DVA; 1F7E; 1F7M; 1FAK; 1FF7; 1FFM; 1J9C; 1JBU; 1KLI; 1KLJ; 1NL8; 1O5D; 1QFK; 1W0Y; 1W2K; 1W7X; 1W8B; 1WQV; 1WSS; 1WTG; 1WUN; 1WV7; 1YGC; 1Z6J; 2A2Q; 2AEI; 2AER; 2B7D; 2B8O; 2BZ6; 2C4F; 2EC9; 2F9B; 2FIR; 2FLB; 2FLR; 2PUQ; 2ZP0; 2ZWL; 2ZZU; 3ELA; 3TH2; 3TH3; 3TH4; 4IBL; 4ISH; 4ISI; 4JYU; 4JYV; 4JZD; 4JZE; 4JZF; 4NA9; 4NG9; 4NGA; 4X8S; 4X8T; 4X8U; 4X8V; 4YT6; 4YT7; 4ZXX; 4ZXY,,F7,HGNC:3544,Humans,DB00100; DB13151; DB13152; DB13933
342,Alpha-2C adrenergic receptor,ADRA2C,178194,J03853,P18825,ADA2C_HUMAN,"",,ADRA2C,HGNC:283,Humans,DB01363
345,Prolactin receptor,PRLR,190362,M31661,P16471,PRLR_HUMAN,1BP3; 2LFG; 3D48; 3MZG; 3N06; 3N0P; 3NCB; 3NCC; 3NCE; 3NCF; 4I18,,PRLR,HGNC:9446,Humans,DB00052
364,Coagulation factor IX,F9,182609,K02402,P00740,FA9_HUMAN,1CFH; 1CFI; 1EDM; 1IXA; 1MGX; 1NL0; 1RFN; 2WPH; 2WPI; 2WPJ; 2WPK; 2WPL; 2WPM; 3KCG; 3LC3; 3LC5; 4WM0; 4WMA; 4WMB; 4WMI; 4WMK; 4WN2; 4WNH; 4YZU; 4Z0K; 4ZAE; 5EGM,,F9,HGNC:3551,Humans,DB00025; DB09109; DB13150; DB13192; DB13923; DB13998; DB13999; DB14738
369,Vascular endothelial growth factor receptor 2,KDR,2655412,AF035121,P35968,VGFR2_HUMAN,1VR2; 1Y6A; 1Y6B; 1YWN; 2M59; 2MET; 2MEU; 2OH4; 2P2H; 2P2I; 2QU5; 2QU6; 2RL5; 2X1W; 2X1X; 2XIR; 3B8Q; 3B8R; 3BE2; 3C7Q; 3CJF; 3CJG; 3CP9; 3CPB; 3CPC; 3DTW; 3EFL; 3EWH; 3KVQ; 3S35; 3S36; 3S37; 3U6J; 3V2A; 3V6B; 3VHE; 3VHK; 3VID; 3VNT; 3VO3; 3WZD; 3WZE; 4AG8; 4AGC; 4AGD; 4ASD; 4ASE,,KDR,HGNC:6307,Humans,DB05578
380,Vitamin K-dependent protein C,PROC,190334,M11228,P04070,PROC_HUMAN,1AUT; 1LQV; 1PCU; 2PCT; 3F6U; 3JTC; 4DT7,,PROC,HGNC:9451,Humans,DB13149
385,Interferon alpha/beta receptor 2,IFNAR2,995300,L42243,P48551,INAR2_HUMAN,1N6U; 1N6V; 2HYM; 2KZ1; 2LAG; 3S8W; 3S9D; 3SE3; 3SE4,,IFNAR2,HGNC:5433,Humans,DB00008; DB00011; DB00018; DB00022; DB00034; DB00060; DB00068; DB00069; DB00105
387,Follicle-stimulating hormone receptor,FSHR,182771,M65085,P23945,FSHR_HUMAN,1XUN; 1XWD; 4AY9; 4MQW,,FSHR,HGNC:3969,Humans,DB00032; DB00066; DB00094; DB00097; DB09066
390,Synaptosomal-associated protein 25,SNAP25,307426,L19760,P60880,SNP25_HUMAN,1KIL; 1XTG; 2N1T; 3DDA; 3DDB; 3RK2; 3RK3; 3RL0; 3ZUR,,SNAP25,HGNC:11132,Humans,DB00083
394,Neutrophil elastase,ELANE,296665,Y00477,P08246,ELNE_HUMAN,1B0F; 1H1B; 1HNE; 1PPF; 1PPG; 2RG3; 2Z7F; 3Q76; 3Q77; 4NZL; 4WVP; 5A09; 5A0A; 5A0B; 5A0C; 5ABW,,ELA2,HGNC:3309,Humans,DB00058
398,Envelope glycoprotein,gp41,62732120,AJ964940,Q53I07,Q53I07_9HIV1,"",,,,Human immunodeficiency virus 1,DB00109
416,Interleukin-11 receptor subunit alpha,IL11RA,995654,Z38102,Q14626,I11RA_HUMAN,"",,IL11RA,HGNC:5967,Humans,DB00038
439,Integrin alpha-IIb,ITGA2B,190068,J02764,P08514,ITA2B_HUMAN,1DPK; 1DPQ; 1JX5; 1KUP; 1KUZ; 1M8O; 1RN0; 1S4W; 1TYE; 1UV9; 2K1A; 2K9J; 2KNC; 2MTP; 2VC2; 2VDK; 2VDL; 2VDM; 2VDN; 2VDO; 2VDP; 2VDQ; 2VDR; 3FCS; 3FCU; 3NID; 3NIF; 3NIG; 3T3M; 3T3P; 3ZDX; 3ZDY; 3ZDZ; 3ZE0; 3ZE1; 3ZE2; 4CAK,,ITGA2B,HGNC:6138,Humans,DB00054
453,Mast/stem cell growth factor receptor Kit,KIT,34085,X06182,P10721,KIT_HUMAN,1PKG; 1QZJ; 1QZK; 1R01; 1T45; 1T46; 2E9W; 2EC8; 2VIF; 3G0E; 3G0F; 4HVS; 4K94; 4K9E; 4PGZ; 4U0I,,KIT,HGNC:6342,Humans,DB09103
467,Interferon gamma receptor 2,IFNGR2,463550,U05875,P38484,INGR2_HUMAN,"",,IFNGR2,HGNC:5440,Humans,DB00033
486,Sodium-dependent noradrenaline transporter,SLC6A2,189258,M65105,P23975,SC6A2_HUMAN,"",,SLC6A2,HGNC:11048,Humans,DB01363
490,Thyrotropin receptor,TSHR,903760,M73747,P16473,TSHR_HUMAN,1XUM; 2XWT; 3G04,,TSHR,HGNC:12373,Humans,DB00024
511,Receptor tyrosine-protein kinase erbB-2,ERBB2,553282,M11767,P04626,ERBB2_HUMAN,1MFG; 1MFL; 1MW4; 1N8Z; 1OVC; 1QR1; 1S78; 2A91; 2JWA; 2KS1; 2L4K; 3BE1; 3H3B; 3MZW; 3N85; 3PP0; 3RCD; 3WLW; 3WSQ; 4GFU; 4HRL; 4HRM; 4HRN,,ERBB2,HGNC:3430,Humans,DB00072; DB05773; DB06366
516,Integrin alpha-L,ITGAL,31422,Y00796,P20701,ITAL_HUMAN,1CQP; 1DGQ; 1IJ4; 1LFA; 1MJN; 1MQ8; 1MQ9; 1MQA; 1RD4; 1T0P; 1XDD; 1XDG; 1XUO; 1ZON; 1ZOO; 1ZOP; 2ICA; 2K8O; 2M3E; 2O7N; 3BN3; 3BQM; 3BQN; 3E2M; 3EOA; 3EOB; 3F74; 3F78; 3HI6; 3M6F; 3TCX; 4IXD,,ITGAL,HGNC:6148,Humans,DB00095; DB00098
527,Glucagon receptor,GCGR,439690,U03469,P47871,GLR_HUMAN,2A83; 3CZF; 4ERS; 4L6R; 4LF3,,GCGR,HGNC:4192,Humans,DB00040
538,Fibrinogen alpha chain,FGA,13591824,AF361104,P02671,FIBA_HUMAN,1BBR; 1DM4; 1FPH; 1FZA; 1FZB; 1FZC; 1FZD; 1FZE; 1FZF; 1FZG; 1LT9; 1LTJ; 1N86; 1N8E; 1RE3; 1RE4; 1RF0; 1RF1; 1YCP; 2A45; 2FFD; 2H43; 2HLO; 2HOD; 2HPC; 2OYH; 2OYI; 2Q9I; 2XNX; 2XNY; 2Z4E; 3AT0; 3BVH; 3E1I; 3GHG; 3H32; 3HUS; 4F27; 5CFA,,FGA,HGNC:3661,Humans,DB00009; DB00015; DB00029; DB00031; DB11300; DB11311; DB11571; DB11572; DB13151
565,Interleukin-1 receptor type 1,IL1R1,33801,X16896,P14778,IL1R1_HUMAN,1G0Y; 1IRA; 1ITB; 4DEP; 4GAF,,IL1R1,HGNC:5993,Humans,DB00026
568,Glutamate carboxypeptidase 2,FOLH1,190664,M99487,Q04609,FOLH1_HUMAN,1Z8L; 2C6C; 2C6G; 2C6P; 2CIJ; 2JBJ; 2JBK; 2OOT; 2OR4; 2PVV; 2PVW; 2XEF; 2XEG; 2XEI; 2XEJ; 3BHX; 3BI0; 3BI1; 3BXM; 3D7D; 3D7F; 3D7G; 3D7H; 3IWW; 3RBU; 3SJE; 3SJF; 3SJG; 3SJX; 4JYW; 4JZ0; 4LQG; 4MCP; 4MCQ; 4MCR; 4MCS; 4NGM; 4NGN; 4NGP; 4NGQ; 4NGR; 4NGS; 4NGT; 4OC0; 4OC1; 4OC2; 4OC3; 4OC4; 4OC5; 4OME; 4P44; 4P45; 4P4B; 4P4D; 4P4E; 4P4F; 4P4I; 4P4J; 4W9Y; 4X3R,,FOLH1,HGNC:3788,Humans,DB00089
572,Alpha-2B adrenergic receptor,ADRA2B,178198,M34041,P18089,ADA2B_HUMAN,2CVA,,ADRA2B,HGNC:282,Humans,DB01363
590,Integrin alpha-4,ITGA4,33946,X16983,P13612,ITA4_HUMAN,3V4P; 3V4V; 4HKC,,ITGA4,HGNC:6140,Humans,DB00108; DB09033
625,Growth hormone-releasing hormone receptor,GHRHR,183173,L01406,Q02643,GHRHR_HUMAN,2XDG,,GHRHR,HGNC:4266,Humans,DB00010
628,Granulocyte-macrophage colony-stimulating factor receptor subunit alpha,CSF2RA,32089,X17648,P15509,CSF2R_HUMAN,4NKQ; 4RS1,,CSF2RA,HGNC:2435,Humans,DB00020; DB10772
633,DNA polymerase catalytic subunit,,60016,X04370,P09252,DPOL_VZVD,"",,,,HHV-3,DB13896
647,Sodium-dependent dopamine transporter,SLC6A3,553260,M96670,Q01959,SC6A3_HUMAN,"",,SLC6A3,HGNC:11049,Humans,DB01363
651,Interleukin-2 receptor subunit beta,IL2RB,307048,M26062,P14784,IL2RB_HUMAN,1ILM; 1ILN; 2B5I; 2ERJ; 3QAZ; 4GS7,,IL2RB,HGNC:6009,Humans,DB00004; DB00041; DB00111
654,Erythropoietin receptor,EPOR,182245,M60459,P19235,EPOR_HUMAN,1CN4; 1EBA; 1EBP; 1EER; 1ERN; 2JIX; 2MV6; 4Y5V; 4Y5X; 4Y5Y,,EPOR,HGNC:3416,Humans,DB00012; DB00016; DB08894; DB09107
658,Interleukin-2 receptor subunit alpha,IL2RA,33813,X01057,P01589,IL2RA_HUMAN,1ILM; 1ILN; 1Z92; 2B5I; 2ERJ; 3IU3; 3NFP,,IL2RA,HGNC:6008,Humans,DB00004; DB00041; DB00074; DB00111
661,Interferon alpha/beta receptor 1,IFNAR1,306914,J03171,P17181,INAR1_HUMAN,3S98; 3SE3; 3SE4; 4PO6,,IFNAR1,HGNC:5432,Humans,DB00008; DB00011; DB00018; DB00022; DB00034; DB00060; DB00068; DB00069; DB00105; DB14999
674,Myeloid cell surface antigen CD33,CD33,180098,M23197,P20138,CD33_HUMAN,"",,CD33,HGNC:1659,Humans,DB00056
686,Fusion glycoprotein F0,F,222565,D00334,P13843,FUS_HRSV1,"",,,,Human respiratory syncytial virus B (strain 18537),DB00110
689,Fibroblast growth factor 1,FGF1,181942,M13361,P05230,FGF1_HUMAN,1AXM; 1DJS; 1DZC; 1DZD; 1E0O; 1EVT; 1HKN; 1JQZ; 1JT3; 1JT4; 1JT5; 1JT7; 1JTC; 1JY0; 1K5U; 1K5V; 1M16; 1NZK; 1P63; 1PZZ; 1Q03; 1Q04; 1QCT; 1RG8; 1RML; 1RY7; 1YTO; 1Z2V; 1Z4S; 2AFG; 2AQZ; 2AXM; 2ERM; 2HW9; 2HWA; 2HWM; 2HZ9; 2K43; 2K4A; 2K8R; 2KI4; 2KI6; 2LDN; 2NTD; 2Q9X; 2RQ9; 3B9U; 3BA4; 3BA5; 3BA7; 3BAD; 3BAG; 3BAH; 3BAO; 3BAQ; 3BAU; 3BAV; 3BB2; 3CQA; 3CRG; 3CRH; 3CRI; 3CU1; 3FGM; 3FJ8; 3FJ9; 3FJA; 3FJB; 3FJC; 3FJD; 3FJE; 3FJF; 3FJH; 3FJI; 3FJJ; 3FJK; 3HOM; 3JUT; 3K1X; 3O3Q; 3OJ2; 3OJM; 3OJV; 3UD7; 3UD8; 3UD9; 3UDA; 4J23; 4Q91; 4Q9G; 4Q9P; 4QAL; 4QBC; 4QBV; 4QC4; 4QO3,,FGF1,HGNC:3665,Humans,DB10772
694,Beta-2 adrenergic receptor,ADRB2,29371,Y00106,P07550,ADRB2_HUMAN,1GQ4; 2R4R; 2R4S; 2RH1; 3D4S; 3KJ6; 3NY8; 3NY9; 3NYA; 3P0G; 3PDS; 3SN6; 4GBR; 4LDE; 4LDL; 4LDO; 4QKX,,ADRB2,HGNC:286,Humans,DB01363
704,Tumor necrosis factor,TNF,339741,M16441,P01375,TNFA_HUMAN,1A8M; 1TNF; 2AZ5; 2E7A; 2TUN; 2ZJC; 2ZPX; 3ALQ; 3IT8; 3L9J; 3WD5; 4G3Y; 4TSV; 4TWT; 5TSW,,TNF,HGNC:11892,Humans,DB00005; DB00051; DB00065; DB06674; DB08904; DB10772
710,High affinity immunoglobulin gamma Fc receptor I,FCGR1A,31332,X14356,P12314,FCGR1_HUMAN,3RJD; 4W4O; 4X4M; 4ZNE,,FCGR1A,HGNC:3613,Humans,DB00028; DB06607; DB14962
711,Interferon gamma receptor 1,IFNGR1,306915,J03143,P15260,INGR1_HUMAN,1FG9; 1FYH; 1JRH,,IFNGR1,HGNC:5439,Humans,DB00033
717,Urokinase plasminogen activator surface receptor,PLAUR,37605,X51675,Q03405,UPAR_HUMAN,1YWH; 2FD6; 2I9B; 3BT1; 3BT2; 3U73; 3U74; 4K24; 4QTI,,PLAUR,HGNC:9053,Humans,DB00013
719,T-cell surface antigen CD2,CD2,180081,M19806,P06729,CD2_HUMAN,1CDB; 1GYA; 1HNF; 1L2Z; 1QA9; 2J6O; 2J7I,,CD2,HGNC:1639,Humans,DB00092
748,Fibroblast growth factor receptor 2,FGFR2,31374,X52832,P21802,FGFR2_HUMAN,1DJS; 1E0O; 1EV2; 1GJO; 1II4; 1IIL; 1NUN; 1OEC; 1WVZ; 2FDB; 2PSQ; 2PVF; 2PVY; 2PWL; 2PY3; 2PZ5; 2PZP; 2PZR; 2Q0B; 3B2T; 3CAF; 3CLY; 3CU1; 3DAR; 3EUU; 3OJ2; 3OJM; 3RI1; 4J23; 4J95; 4J96; 4J97; 4J98; 4J99; 4WV1,,FGFR2,HGNC:3689,Humans,DB00039
749,Sodium-dependent serotonin transporter,SLC6A4,36433,X70697,P31645,SC6A4_HUMAN,"",,SLC6A4,HGNC:11050,Humans,DB01363
767,Epidermal growth factor receptor,EGFR,757924,X00588,P00533,EGFR_HUMAN,1DNQ; 1DNR; 1IVO; 1M14; 1M17; 1MOX; 1NQL; 1XKK; 1YY9; 1Z9I; 2EB2; 2EB3; 2EXP; 2EXQ; 2GS2; 2GS6; 2GS7; 2ITN; 2ITO; 2ITP; 2ITQ; 2ITT; 2ITU; 2ITV; 2ITW; 2ITX; 2ITY; 2ITZ; 2J5E; 2J5F; 2J6M; 2JIT; 2JIU; 2JIV; 2KS1; 2M0B; 2M20; 2N5S; 2RF9; 2RFD; 2RFE; 2RGP; 3B2U; 3B2V; 3BEL; 3BUO; 3C09; 3G5V; 3G5Y; 3GOP; 3GT8; 3IKA; 3LZB; 3NJP; 3OB2; 3OP0; 3P0Y; 3PFV; 3POZ; 3QWQ; 3UG1; 3UG2; 3VJN; 3VJO; 3VRP; 3VRR; 3W2O; 3W2P; 3W2Q; 3W2R; 3W2S; 3W32; 3W33; 4G5J; 4G5P; 4HJO; 4I1Z; 4I20; 4I21; 4I22; 4I23; 4I24; 4JQ7; 4JQ8; 4JR3; 4JRV; 4KRL; 4KRM; 4KRO; 4KRP; 4LI5; 4LL0; 4LQM; 4LRM; 4R3P; 4R3R; 4R5S; 4RIW; 4RIX; 4RIY; 4RJ4; 4RJ5; 4RJ6; 4RJ7; 4RJ8; 4TKS; 4UV7; 4WKQ; 4WRG; 4ZAU; 4ZJV; 5C8K; 5C8M; 5C8N; 5CAL; 5CAN; 5CAO; 5CAP; 5CAQ; 5CAS; 5CAU; 5CAV; 5CNN; 5CNO; 5CZH; 5CZI,,EGFR,HGNC:3236,Humans,DB00002; DB01269; DB09559; DB10772; DB12202
775,Heparin cofactor 2,SERPIND1,183910,M12849,P05546,HEP2_HUMAN,1JMJ; 1JMO,,SERPIND1,HGNC:4838,Humans,DB06271
793,Granulocyte colony-stimulating factor receptor,CSF3R,31697,X55721,Q99062,CSF3R_HUMAN,1AZ7; 2D9Q,,CSF3R,HGNC:2439,Humans,DB00019; DB00099; DB13144; DB13200
844,Oxytocin receptor,OXTR,34765,X64878,P30559,OXYR_HUMAN,"",,OXTR,HGNC:8529,Humans,DB00107
846,T-lymphocyte activation antigen CD86,CD86,439839,L25259,P42081,CD86_HUMAN,1I85; 1NCN,,CD86,HGNC:1705,Humans,DB00098; DB01281; DB06681
847,T-lymphocyte activation antigen CD80,CD80,306916,M27533,P33681,CD80_HUMAN,1DR9; 1I8L,,CD80,HGNC:1700,Humans,DB01281; DB04901; DB06681
848,Adrenocorticotropic hormone receptor,MC2R,28344,X65633,Q01718,ACTHR_HUMAN,"",,MC2R,HGNC:6930,Humans,DB01285; DB09334
852,Platelet-derived growth factor receptor alpha,PDGFRA,189734,M21574,P16234,PGFRA_HUMAN,1GQ5,,PDGFRA,HGNC:8803,Humans,DB06043; DB10772
855,Complement C5,C5,179983,M57729,P01031,CO5_HUMAN,1CFA; 1KJS; 1XWE; 3CU7; 3HQA; 3HQB; 3KLS; 3KM9; 3PRX; 3PVM; 4A5W; 4E0S; 4P39; 4UU9,,C5,HGNC:1331,Humans,DB00028; DB01257
856,Perilipin-3,PLIN3,3095186,AF057140,O60664,PLIN3_HUMAN,"",,M6PRBP1,HGNC:16893,Humans,DB01279
857,Glucagon-like peptide 1 receptor,GLP1R,405082,U01104,P43220,GLP1R_HUMAN,3C59; 3C5T; 3IOL; 4ZGM,,GLP1R,HGNC:4324,Humans,DB01276; DB06655; DB09043; DB09045
858,Insulin-like growth factor 1 receptor,IGF1R,804990,X04434,P08069,IGF1R_HUMAN,1IGR; 1JQH; 1K3A; 1M7N; 1P4O; 2OJ9; 2ZM3; 3D94; 3F5P; 3I81; 3LVP; 3LW0; 3NW5; 3NW6; 3NW7; 3O23; 3QQU; 4D2R; 4XSS,,IGF1R,HGNC:5465,Humans,DB01277; DB09098; DB14751
887,Cytotoxic T-lymphocyte protein 4,CTLA4,17646228,AF411058,P16410,CTLA4_HUMAN,1AH1; 1H6E; 1I85; 1I8L; 2X44; 3BX7; 3OSK,,CTLA4,HGNC:2505,Humans,DB06186
901,Low affinity immunoglobulin gamma Fc region receptor III-B,FCGR3B,31322,X16863,O75015,FCG3B_HUMAN,1E4J; 1E4K; 1FNL; 1T83; 1T89,,FCGR3B,HGNC:3620,Humans,DB00028; DB06607
918,Interleukin-6,IL6,32674,X04430,P05231,IL6_HUMAN,1ALU; 1IL6; 1N2Q; 1P9M; 2IL6; 4CNI; 4J4L; 4NI7; 4NI9; 4O9H,,IL6,HGNC:6018,Humans,DB09036; DB10772
944,Interferon gamma,IFNG,32692,X13274,P01579,IFNG_HUMAN,1EKU; 1FG9; 1FYH; 1HIG; 3BES,,IFNG,HGNC:5438,Humans,DB10772; DB14724
967,Tissue factor pathway inhibitor,TFPI,180546,J03225,P10646,TFPI1_HUMAN,1ADZ; 1IRH; 1TFX; 4BQD; 4DTG,,TFPI,HGNC:11760,Humans,DB14562
969,Plasminogen activator inhibitor 2,SERPINB2,189545,J02685,P05120,PAI2_HUMAN,1BY7; 1JRR; 2ARQ; 2ARR,,SERPINB2,HGNC:8584,Humans,DB00013
971,DNA topoisomerase 1,TOP1,339806,J03250,P11387,TOP1_HUMAN,1A31; 1A35; 1A36; 1EJ9; 1K4S; 1K4T; 1LPQ; 1NH3; 1R49; 1RR8; 1RRJ; 1SC7; 1SEU; 1T8I; 1TL8,,TOP1,HGNC:11986,Humans,DB12893; DB14962
981,Interleukin-12 subunit beta,IL12B,180626,M65272,P29460,IL12B_HUMAN,1F42; 1F45; 3D85; 3D87; 3DUH; 3HMX; 3QWR; 4GRW; 4OE8; 4OG9,,IL12B,HGNC:5970,Humans,DB05679
984,Transforming growth factor beta-1,TGFB1,1212989,X05839,P01137,TGFB1_HUMAN,1KLA; 1KLC; 1KLD; 3KFD; 4KV5,,TGFB1,HGNC:11766,Humans,DB10772
999,Tumor necrosis factor ligand superfamily member 13B,TNFSF13B,4761612,AF136293,Q9Y275,TN13B_HUMAN,1JH5; 1KD7; 1KXG; 1OQD; 1OQE; 1OSG; 3V56; 4V46; 4ZCH,,TNFSF13B,HGNC:11929,Humans,DB08879
1012,Beta-3 adrenergic receptor,ADRB3,178896,M29932,P13945,ADRB3_HUMAN,2CDW,,ADRB3,HGNC:288,Humans,DB01363
1021,Coagulation factor XI,F11,182833,M13142,P03951,FA11_HUMAN,1XX9; 1XXD; 1XXF; 1ZHM; 1ZHP; 1ZHR; 1ZJD; 1ZLR; 1ZMJ; 1ZML; 1ZMN; 1ZOM; 1ZPB; 1ZPC; 1ZPZ; 1ZRK; 1ZSJ; 1ZSK; 1ZSL; 1ZTJ; 1ZTK; 1ZTL; 2F83; 2FDA; 2J8J; 2J8L; 3BG8; 3SOR; 3SOS; 4CR5; 4CR9; 4CRA; 4CRB; 4CRC; 4CRD; 4CRE; 4CRF; 4CRG; 4NA7; 4NA8; 4TY6; 4TY7; 4WXI; 4X6M; 4X6N; 4X6O; 4X6P; 4Y8X; 4Y8Y; 4Y8Z,,F11,HGNC:3529,Humans,DB00100; DB06404; DB09228; DB11300; DB11571; DB13152
1023,Transient receptor potential cation channel subfamily V member 1,TRPV1,8977866,AJ277028,Q8NER1,TRPV1_HUMAN,"",,TRPV1,HGNC:12716,Humans,DB11131
1036,Interleukin-3 receptor subunit alpha,IL3RA,186331,M74782,P26951,IL3RA_HUMAN,4JZJ,,IL3RA,HGNC:6012,Humans,DB00020; DB14731
1043,von Willebrand factor,VWF,37947,X04385,P04275,VWF_HUMAN,1AO3; 1ATZ; 1AUQ; 1FE8; 1FNS; 1IJB; 1IJK; 1M10; 1OAK; 1SQ0; 1U0N; 1UEX; 2ADF; 2MHP; 2MHQ; 3GXB; 3HXO; 3HXQ; 3PPV; 3PPW; 3PPX; 3PPY; 3ZQK; 4C29; 4C2A; 4C2B; 4DMU; 4NT5,,VWF,HGNC:12726,Humans,DB00025; DB09108; DB09329; DB11606; DB11607; DB13998; DB13999
1051,Interleukin-1 beta,IL1B,307043,K02770,P01584,IL1B_HUMAN,1HIB; 1I1B; 1IOB; 1ITB; 1L2H; 1S0L; 1T4Q; 1TOO; 1TP0; 1TWE; 1TWM; 21BI; 2I1B; 2KH2; 2NVH; 31BI; 3LTQ; 3O4O; 3POK; 41BI; 4DEP; 4G6J; 4G6M; 4GAF; 4GAI; 4I1B; 5BVP; 5I1B; 6I1B; 7I1B; 9ILB,,IL1B,HGNC:5992,Humans,DB06168; DB10772
1087,Lymphotoxin-alpha,LTA,34445,X01393,P01374,TNFB_HUMAN,1TNR; 4MXV; 4MXW,,LTA,HGNC:6709,Humans,DB00005
1088,Tissue-type plasminogen activator,PLAT,339834,L00153,P00750,TPA_HUMAN,1A5H; 1BDA; 1PK2; 1PML; 1RTF; 1TPG; 1TPK; 1TPM; 1TPN; 5BRR,,PLAT,HGNC:9051,Humans,DB06404; DB09228
1102,Prostatic acid phosphatase,ACPP,189613,M97589,P15309,PPAP_HUMAN,1CVI; 1ND5; 1ND6; 2HPA; 2L3H; 2L77; 2L79; 2MG0; 3PPD,,ACPP,HGNC:125,Humans,DB06688
1103,Calcitonin gene-related peptide 1,CALCA,179828,M12667,P06881,CALCA_HUMAN,1LS7,,CALCA,HGNC:1437,Humans,DB14040; DB14041; DB14042
1139,Tumor necrosis factor receptor superfamily member 1A,TNFRSF1A,37224,X55313,P19438,TNR1A_HUMAN,1EXT; 1FT4; 1ICH; 1NCF; 1TNR,,TNFRSF1A,HGNC:11916,Humans,DB11626
1155,Integrin beta-3,ITGB3,306786,J02703,P05106,ITB3_HUMAN,1JV2; 1KUP; 1KUZ; 1L5G; 1M1X; 1M8O; 1MIZ; 1MK7; 1MK9; 1RN0; 1S4X; 1TYE; 1U8C; 2INI; 2K9J; 2KNC; 2KV9; 2L1C; 2L91; 2LJD; 2LJE; 2LJF; 2MTP; 2Q6W; 2RMZ; 2RN0; 2VC2; 2VDK; 2VDL; 2VDM; 2VDN; 2VDO; 2VDP; 2VDQ; 2VDR; 3FCS; 3FCU; 3IJE; 3NID; 3NIF; 3NIG; 3T3M; 3T3P; 3ZDX; 3ZDY; 3ZDZ; 3ZE0; 3ZE1; 3ZE2; 4CAK; 4G1E; 4G1M; 4MMX; 4MMY; 4MMZ; 4O02,,ITGB3,HGNC:6156,Humans,DB00054; DB00063; DB00098
1159,P-selectin,SELP,183389,M60234,P16109,LYAM3_HUMAN,1FSB; 1G1Q; 1G1R; 1G1S; 1HES; 1KJD,,SELP,HGNC:10721,Humans,DB15271
1164,Toll-like receptor 2,TLR2,3132528,AF051152,O60603,TLR2_HUMAN,1FYW; 1FYX; 1O77; 2Z7X; 2Z80,,TLR2,HGNC:11848,Humans,DB00045; DB11601
1178,Tissue factor,F3,339504,M16553,P13726,TF_HUMAN,1AHW; 1BOY; 1DAN; 1FAK; 1J9C; 1JPS; 1NL8; 1O5D; 1TFH; 1UJ3; 1W0Y; 1W2K; 1WQV; 1WSS; 1WTG; 1WUN; 1WV7; 1Z6J; 2A2Q; 2AEI; 2AER; 2B7D; 2B8O; 2C4F; 2CEF; 2CEH; 2CEZ; 2CFJ; 2EC9; 2F9B; 2FIR; 2FLB; 2FLR; 2HFT; 2PUQ; 2ZP0; 2ZWL; 2ZZU; 3ELA; 3TH2; 3TH3; 3TH4; 4IBL; 4M7L,,F3,HGNC:3541,Humans,DB13150
1180,Fibronectin,FN1,12053817,AJ276395,P02751,FINC_HUMAN,1E88; 1E8B; 1FBR; 1FNA; 1FNF; 1FNH; 1J8K; 1O9A; 1OWW; 1Q38; 1QGB; 1QO6; 1TTF; 1TTG; 2CG6; 2CG7; 2CK2; 2CKU; 2EC3; 2FN2; 2FNB; 2GEE; 2H41; 2H45; 2HA1; 2N1K; 2OCF; 2RKY; 2RKZ; 2RL0; 3CAL; 3EJH; 3GXE; 3M7P; 3MQL; 3R8Q; 3T1W; 3ZRZ; 4GH7; 4JE4; 4JEG; 4LXO; 4MMX; 4MMY; 4MMZ; 4PZ5,,FN1,HGNC:3778,Humans,DB08888
1208,Interleukin-5,IL5,33836,X04688,P05113,IL5_HUMAN,1HUL; 3QT2; 3VA2,,IL5,HGNC:6016,Humans,DB06602; DB06612
1263,Botulinum neurotoxin type B,botB,144735,M81186,P10844,BXB_CLOBO,1EPW; 1F31; 1F82; 1G9A; 1G9B; 1G9C; 1G9D; 1I1E; 1S0B; 1S0C; 1S0D; 1S0E; 1S0F; 1S0G; 1Z0H; 2ETF; 2NM1; 2NP0; 2XHL; 3ZUQ; 4KBB,,,,Clostridium botulinum,DB13903
1411,Tetanus toxin,tetX,40770,X04436,P04958,TETX_CLOTE,1A8D; 1AF9; 1D0H; 1DFQ; 1DIW; 1DLL; 1FV2; 1FV3; 1YVG; 1YXW; 1YYN; 1Z7H; 3HMY; 3HN1; 4J1L,,,,Clostridium tetani (strain Massachusetts / E88),DB11604
1529,Complement C1s subcomponent,C1S,763110,X06596,P09871,C1S_HUMAN,1ELV; 1NZI; 4J1Y; 4LMF; 4LOR; 4LOS; 4LOT,,C1S,HGNC:1247,Humans,DB06404; DB09228
1861,TGF-beta receptor type-2,TGFBR2,339570,M85079,P37173,TGFR2_HUMAN,1KTZ; 1M9Z; 1PLO; 2PJY; 3KFD; 4P7U; 4XJJ,,TGFBR2,HGNC:11773,Humans,DB10772
2091,Fibrinogen beta chain,FGB,182430,J00129,P02675,FIBB_HUMAN,1FZA; 1FZB; 1FZC; 1FZE; 1FZF; 1FZG; 1LT9; 1LTJ; 1N86; 1N8E; 1RE3; 1RE4; 1RF0; 1RF1; 2A45; 2FFD; 2H43; 2HLO; 2HOD; 2HPC; 2OYH; 2OYI; 2Q9I; 2XNX; 2XNY; 2Z4E; 3BVH; 3E1I; 3GHG; 3H32; 3HUS,,FGB,HGNC:3662,Humans,DB11300; DB11311; DB11571; DB11572; DB13151
2092,Fibrinogen gamma chain,FGG,182439,M10014,P02679,FIBG_HUMAN,1DUG; 1FIB; 1FIC; 1FID; 1FZA; 1FZB; 1FZC; 1FZE; 1FZF; 1FZG; 1LT9; 1LTJ; 1N86; 1N8E; 1RE3; 1RE4; 1RF0; 1RF1; 2A45; 2FFD; 2FIB; 2H43; 2HLO; 2HOD; 2HPC; 2HWL; 2OYH; 2OYI; 2Q9I; 2VDO; 2VDP; 2VDQ; 2VDR; 2VR3; 2XNX; 2XNY; 2Y7L; 2Z4E; 3BVH; 3E1I; 3FIB; 3GHG; 3H32; 3HUS; 4B60,,FGG,HGNC:3694,Humans,DB11300; DB11571; DB11572
2093,Complement C1r subcomponent,C1R,29539,X04701,P00736,C1R_HUMAN,1APQ; 1GPZ; 1MD7; 1MD8; 2QY0,,C1R,HGNC:1246,Humans,DB06404; DB09228
2097,Low affinity immunoglobulin gamma Fc region receptor III-A,FCGR3A,31324,X52645,P08637,FCG3A_HUMAN,3AY4; 3SGJ; 3SGK; 3WN5; 5BW7,,FCGR3A,HGNC:3619,Humans,DB00028; DB06607; DB12023
2098,Low affinity immunoglobulin gamma Fc region receptor II-a,FCGR2A,182474,M31932,P12318,FCG2A_HUMAN,1FCG; 1H9V; 3D5O; 3RY4; 3RY5; 3RY6,,FCGR2A,HGNC:3616,Humans,DB00028; DB06607
2099,Low affinity immunoglobulin gamma Fc region receptor II-b,FCGR2B,4099445,U87560,P31994,FCG2B_HUMAN,2FCB; 3WJJ,,FCGR2B,HGNC:3618,Humans,DB00028; DB00098
2100,Low affinity immunoglobulin gamma Fc region receptor II-c,FCGR2C,32074,X17652,P31995,FCG2C_HUMAN,3WJL,,FCGR2C,HGNC:15626,Humans,DB00028
2102,Cytokine receptor common subunit gamma,IL2RG,219890,D11086,P31785,IL2RG_HUMAN,1ILL; 1ILM; 1ILN; 1ITE; 2B5I; 2ERJ; 3BPL; 3QAZ; 3QB7; 4GS7,,IL2RG,HGNC:6010,Humans,DB00041
2114,Bone marrow proteoglycan,PRG2,34476,Y00809,P13727,PRG2_HUMAN,1H8U; 2BRS; 4QXX,,PRG2,HGNC:9362,Humans,DB06752
2115,Cytokine receptor common subunit beta,CSF2RB,487425,M59941,P32927,IL3RB_HUMAN,1C8P; 1EGJ; 1GH7; 2GYS; 4NKQ,,CSF2RB,HGNC:2436,Humans,DB00020
2134,Glucagon-like peptide 2 receptor,GLP2R,4324491,AF105367,O95838,GLP2R_HUMAN,"",,GLP2R,HGNC:4325,Humans,DB08900
2136,Vesicle-associated membrane protein 1,VAMP1,338625,M36200,P23763,VAMP1_HUMAN,"",,VAMP1,HGNC:12642,Humans,DB00042
2137,Vesicle-associated membrane protein 2,VAMP2,338632,M36205,P63027,VAMP2_HUMAN,3FIE; 3FII; 3RK2; 3RK3; 3RL0,,VAMP2,HGNC:12643,Humans,DB00042
2138,Synaptotagmin-2,SYT2,21748879,AK090672,Q8N9I0,SYT2_HUMAN,"",,SYT2,HGNC:11510,Humans,DB00042
2139,High affinity immunoglobulin epsilon receptor subunit beta,MS4A2,219882,D10583,Q01362,FCERB_HUMAN,"",,MS4A2,HGNC:7316,Humans,DB00043
2196,Amine oxidase [flavin-containing] B,MAOB,398415,S62734,P27338,AOFB_HUMAN,1GOS; 1H8R; 1OJ9; 1OJA; 1OJC; 1OJD; 1S2Q; 1S2Y; 1S3B; 1S3E; 2BK3; 2BK4; 2BK5; 2BYB; 2C64; 2C65; 2C66; 2C67; 2C70; 2C72; 2C73; 2C75; 2C76; 2V5Z; 2V60; 2V61; 2VRL; 2VRM; 2VZ2; 2XCG; 2XFN; 2XFO; 2XFP; 2XFQ; 2XFU; 3PO7; 3ZYX; 4A79; 4A7A; 4CRT,,MAOB,HGNC:6834,Humans,DB01363
2198,Amine oxidase [flavin-containing] A,MAOA,187353,M68840,P21397,AOFA_HUMAN,1H8Q; 2BXR; 2BXS; 2Z5X; 2Z5Y,,MAOA,HGNC:6833,Humans,DB01363
2370,Calcitonin gene-related peptide 2,CALCB,,BC092468,P10092,CALCB_HUMAN,"",,CALCB,HGNC:1438,Humans,DB14040; DB14041; DB14042
2375,Prostaglandin E2 receptor EP3 subtype,PTGER3,,S69200,P43115,PE2R3_HUMAN,"",,PTGER3,HGNC:9595,Humans,DB11113
2389,Rhesus blood group D antigen,RHD,150246790,AM491130,A6PZ59,A6PZ59_HUMAN,"",,,,Humans,DB11597
2420,Interleukin-4 receptor subunit alpha,IL4R,,X52425,P24394,IL4RA_HUMAN,1IAR; 1IRS; 1ITE; 3BPL; 3BPN; 3BPO,,IL4R,HGNC:6015,Humans,DB12159
2440,Plasma kallikrein,KLKB1,,M13143,P03952,KLKB1_HUMAN,2ANW; 2ANY; 4OGX; 4OGY; 4ZJ4; 4ZJ5; 4ZJ6,,KLKB1,HGNC:6371,Humans,DB05311; DB06404; DB09228; DB14597
2859,Interleukin-6 receptor subunit alpha,IL6R,"",X12830,P08887,IL6RA_HUMAN,1N26; 1N2Q; 1P9M; 2ARW,,IL6R,HGNC:6019,Humans,DB06273; DB11767
3148,Placenta growth factor,PGF,"",BC007255,P49763,PLGF_HUMAN,1FZV; 1RV6,,PGF,HGNC:8893,Humans,DB08885
3376,Leptin receptor,LEPR,,U43168,P48357,LEPR_HUMAN,3V6O,,LEPR,HGNC:6554,Humans,DB09046
3399,Free fatty acid receptor 4,FFAR4,,AY288417,Q5NUL3,FFAR4_HUMAN,"",,GPR120,HGNC:19061,Humans,DB13961
3405,Folate receptor alpha,FOLR1,,M28099,P15328,FOLR1_HUMAN,4KM6; 4KM7; 4KMX; 4LRH,,FOLR1,HGNC:3791,Humans,DB05595
3407,Carboxypeptidase B2,CPB2,,M75106,Q96IY4,CBPB2_HUMAN,3D66; 3D67; 3D68; 3LMS; 4P10,,CPB2,HGNC:2300,Humans,DB11311
3414,Integrin beta-7,ITGB7,,S80335,P26010,ITB7_HUMAN,2BRQ; 3V4P; 3V4V,,ITGB7,HGNC:6162,Humans,DB09033
3415,Interleukin-23 subunit alpha,IL23A,,AF301620,Q9NPF7,IL23A_HUMAN,3D85; 3D87; 3DUH; 3QWR; 4GRW; 4OE8; 4OG9,,IL23A,HGNC:15488,Humans,DB11834
3436,Programmed cell death protein 1,PDCD1,,L27440,Q15116,PDCD1_HUMAN,2M2D; 3RRQ; 4ZQK,,PDCD1,HGNC:8760,Humans,DB09035; DB09037; DB14707
3440,Thrombopoietin receptor,MPL,,M90102,P40238,TPOR_HUMAN,"",,MPL,HGNC:7217,Humans,DB05332
3441,Programmed cell death 1 ligand 1,CD274,,BC113736,Q9NZQ7,PD1L1_HUMAN,3BIK; 3BIS; 3FN3; 3SBW; 4Z18; 4ZQK; 5C3T,,CD274,HGNC:17635,Humans,DB11595; DB11714; DB11945
3455,Complement C3,C3,,AY513239,P01024,CO3_HUMAN,1C3D; 1GHQ; 1W2S; 2A73; 2A74; 2GOX; 2HR0; 2I07; 2ICE; 2ICF; 2NOJ; 2QKI; 2WII; 2WIN; 2WY7; 2WY8; 2XQW; 2XWB; 2XWJ; 3D5R; 3D5S; 3G6J; 3L3O; 3L5N; 3NMS; 3OED; 3OHX; 3OXU; 3RJ3; 3T4A; 4HW5; 4HWJ; 4I6O; 4M76; 4ONT,,C3,HGNC:1318,Humans,DB00028
3456,T-cell surface glycoprotein CD3 delta chain,CD3D,,X01451,P04234,CD3D_HUMAN,1XIW,,CD3D,HGNC:1673,Humans,DB00075; DB09052
3457,T-cell surface glycoprotein CD3 gamma chain,CD3G,,BC113830,P09693,CD3G_HUMAN,1SY6,,CD3G,HGNC:1675,Humans,DB00075
3458,T-cell surface glycoprotein CD3 zeta chain,CD247,,BC025703,P20963,CD3Z_HUMAN,1TCE; 1YGR; 2HAC; 2OQ1; 3IK5; 3IOZ; 4XZ1,,CD247,HGNC:1677,Humans,DB00075
3471,Interleukin-5 receptor subunit alpha,IL5RA,,AY642135,Q01344,IL5RA_HUMAN,1OBX; 1OBZ; 3QT2; 3VA2,,IL5RA,HGNC:6017,Humans,DB12023
3479,Tumor necrosis factor receptor superfamily member 8,TNFRSF8,,AY498860,P28908,TNR8_HUMAN,1D01,,TNFRSF8,HGNC:11923,Humans,DB08870
3488,T-cell surface glycoprotein CD4,CD4,,BC025782,P01730,CD4_HUMAN,1CDH; 1CDI; 1CDJ; 1CDU; 1CDY; 1G9M; 1G9N; 1GC1; 1JL4; 1OPN; 1OPT; 1OPW; 1Q68; 1RZJ; 1RZK; 1WBR; 1WIO; 1WIP; 1WIQ; 2B4C; 2JKR; 2JKT; 2KLU; 2NXY; 2NXZ; 2NY0; 2NY1; 2NY2; 2NY3; 2NY4; 2NY5; 2NY6; 2QAD; 3B71; 3CD4; 3J70; 3JWD; 3JWO; 3LQA; 3O2D; 3S4S; 3S5L; 3T0E; 4H8W; 4JM2; 4P9H; 4Q6I; 4R2G; 4R4H; 4RQS; 5A7X; 5A8H,,CD4,HGNC:1678,Humans,DB00098
3492,SLAM family member 7,SLAMF7,,BC027867,Q9NQ25,SLAF7_HUMAN,"",,SLAMF7,HGNC:21394,Humans,DB06317
3496,B-lymphocyte antigen CD19,CD19,,BC006338,P15391,CD19_HUMAN,"",,CD19,HGNC:1633,Humans,DB09052; DB12530; DB13881; DB13915
3508,Parathyroid hormone/parathyroid hormone-related peptide receptor,PTH1R,,BC112247,Q03431,PTH1R_HUMAN,1BL1; 1ET2; 1ET3; 3C4M; 3H3G; 3KJ5; 3L2J,,PTHR1,HGNC:9608,Humans,DB05084
3517,Tumor necrosis factor ligand superfamily member 11,TNFSF11,,AF013171,O14788,TNF11_HUMAN,3URF; 5BNQ,,TNFSF11,HGNC:11926,Humans,DB06643
3573,Major histocompatibility complex class I-related gene protein,MR1,940354,U22963,Q95460,HMR1_HUMAN,4GUP; 4L4T; 4L4V; 4LCW; 4NQC; 4NQD; 4NQE; 4PJ5; 4PJ7; 4PJ8; 4PJ9; 4PJA; 4PJB; 4PJC; 4PJD; 4PJE; 4PJF; 4PJG; 4PJH; 4PJI; 4PJX,,,HGNC:4975,Humans,DB00098
3575,Integrin beta-1,ITGB1,31442,X07979,P05556,ITB1_HUMAN,1K11; 1LHA; 3G9W; 3T9K; 3VI3; 3VI4; 4DX9; 4WJK; 4WK0; 4WK2; 4WK4,,,HGNC:6153,Humans,DB00098
3576,Integrin alpha-V,ITGAV,340307,M14648,P06756,ITAV_HUMAN,1JV2; 1L5G; 1M1X; 1U8C; 3IJE; 4G1E; 4G1M; 4MMX; 4MMY; 4MMZ; 4O02; 4UM8; 4UM9,,,HGNC:6150,Humans,DB00098
4101,Botulinum neurotoxin type A,botA,,,P10845,BXA1_CLOBO,1UEE; 1XTF; 1XTG; 2ILP; 2IMA; 2IMB; 2IMC; 2ISE; 2ISG; 2ISH; 2NYY; 2NZ9; 2VU9; 2VUA; 2W2D; 3BOK; 3BON; 3BOO; 3BTA; 3BWI; 3C88; 3C89; 3C8A; 3C8B; 3DDA; 3DDB; 3DS9; 3FUO; 3V0A; 3V0B; 3V0C; 3ZUR; 3ZUS; 4EJ5; 4EL4; 4ELC; 4HEV; 4IQP; 4JRA,,,,Clostridium botulinum,DB13900
4281,Elongation factor 2,EEF2,31106,X51466,P13639,EF2_HUMAN,4V6X,,,HGNC:3214,Humans,DB12688
4494,Cation-dependent mannose-6-phosphate receptor,M6PR,,,P20645,MPRD_HUMAN,1JUQ,,,HGNC:6752,Humans,DB01272
4672,Coagulation factor XII,F12,,,P00748,FA12_HUMAN,4BDW; 4BDX; 4XDE; 4XE4,,,HGNC:3530,Humans,DB06404; DB09228
4674,Chromaffin granule amine transporter,SLC18A1,,,P54219,VMAT1_HUMAN,"",,,HGNC:10934,Humans,DB01363
4684,High affinity immunoglobulin gamma Fc receptor IB,FCGR1B,,,Q92637,FCGRB_HUMAN,"",,,HGNC:3614,Humans,DB00028
4685,Complement C4-A,C4A,,,P0C0L4,CO4A_HUMAN,1HZF; 4FXG; 4FXK; 4XAM,,,HGNC:1323,Humans,DB00028
4686,Complement C4-B,C4B,,,P0C0L5,CO4B_HUMAN,4XAM,,,HGNC:1324,Humans,DB00028
4703,Parathyroid hormone 2 receptor,PTH2R,,,P49190,PTH2R_HUMAN,"",,,HGNC:9609,Humans,DB05829
4736,Vascular endothelial growth factor B,VEGFB,,,P49765,VEGFB_HUMAN,2C7W; 2VWE; 2XAC,,,HGNC:12681,Humans,DB08885
4747,Protective antigen,pagA,,,P13423,PAG_BACAN,1ACC; 1T6B; 1TX5; 1TZN; 1TZO; 1V36; 3ETB; 3INO; 3J9C; 3KWV; 3MHZ; 3Q8A; 3Q8B; 3Q8C; 3Q8E; 3Q8F; 3TEW; 3TEX; 3TEY; 3TEZ; 4EE2; 4H2A; 4NAM,,,,Bacillus anthracis,DB08902; DB09057
9877,"HLA class II histocompatibility antigen, DR alpha chain",HLA-DRA,,,P01903,DRA_HUMAN,1A6A; 1AQD; 1BX2; 1D5M; 1D5X; 1D5Z; 1D6E; 1DLH; 1FV1; 1FYT; 1H15; 1HQR; 1HXY; 1J8H; 1JWM; 1JWS; 1JWU; 1KG0; 1KLG; 1KLU; 1LO5; 1PYW; 1R5I; 1SEB; 1SJE; 1SJH; 1T5W; 1T5X; 1YMM; 1ZGL; 2FSE; 2G9H; 2IAM; 2IAN; 2ICW; 2IPK; 2OJE; 2Q6W; 2SEB; 2WBJ; 2XN9; 3C5J; 3L6F; 3O6F; 3PDO; 3PGC; 3PGD; 3QXA; 3QXD; 3S4S; 3S5L; 3T0E; 4AEN; 4AH2; 4C56; 4E41; 4FQX; 4GBX; 4H1L; 4H25; 4H26; 4I5B; 4IS6; 4MCY; 4MCZ; 4MD0; 4MD4; 4MD5; 4MDI; 4MDJ; 4OV5; 4X5W; 4X5X; 4Y19; 4Y1A; 5JLZ; 5LAX; 5NI9; 5NIG; 5V4M; 5V4N; 6ATF; 6ATI; 6ATZ; 6BIJ; 6BIL; 6BIN; 6BIR; 6BIV; 6BIX; 6BIY; 6BIZ; 6CPL; 6CPN; 6CPO; 6CQJ; 6CQL; 6CQN; 6CQQ; 6CQR,,,HGNC:4947,Humans,DB05121
9916,"HLA class II histocompatibility antigen, DR beta 3 chain",HLA-DRB3,,,P79483,DRB3_HUMAN,2Q6W; 3C5J; 4H1L,,,HGNC:4951,Humans,DB05121
9919,"HLA class II histocompatibility antigen, DR beta 4 chain",HLA-DRB4,,,P13762,DRB4_HUMAN,,,,HGNC:4952,Humans,DB05121
9922,"HLA class II histocompatibility antigen, DR beta 5 chain",HLA-DRB5,,,Q30154,DRB5_HUMAN,1FV1; 1H15; 1HQR; 1ZGL,,,HGNC:4953,Humans,DB05121
2416,"HLA class II histocompatibility antigen, DRB1-1 beta chain",HLA-DRB1,,M11161,P04229,2B11_HUMAN,1AQD; 1DLH; 1FYT; 1HXY; 1JWM; 1JWS; 1JWU; 1KG0; 1KLG; 1KLU; 1LO5; 1PYW; 1R5I; 1SEB; 1SJE; 1SJH; 1T5W; 1T5X; 2FSE; 2G9H; 2IAM; 2IAN; 2ICW; 2IPK; 2OJE; 2XN9; 3L6F; 3PDO; 3PGC; 3PGD; 3QXA; 3QXD; 3S4S; 3S5L; 4AEN; 4AH2; 4C56; 4E41; 4FQX; 4GBX; 4I5B; 4OV5,,HLA-DRB1,HGNC:4948,Humans,DB05121
9913,"HLA class II histocompatibility antigen, DRB1-10 beta chain",HLA-DRB1,,,Q30167,2B1A_HUMAN,,,,HGNC:4948,Humans,DB05121
9910,"HLA class II histocompatibility antigen, DRB1-11 beta chain",HLA-DRB1,,,P20039,2B1B_HUMAN,6CPL; 6CPN; 6CQL; 6CQN,,,HGNC:4948,Humans,DB05121
9886,"HLA class II histocompatibility antigen, DRB1-12 beta chain",HLA-DRB1,,,Q95IE3,2B1C_HUMAN,,,,HGNC:4948,Humans,DB05121
9883,"HLA class II histocompatibility antigen, DRB1-13 beta chain",HLA-DRB1,,,Q5Y7A7,2B1D_HUMAN,,,,HGNC:4948,Humans,DB05121
9880,"HLA class II histocompatibility antigen, DRB1-14 beta chain",HLA-DRB1,,,Q9GIY3,2B1E_HUMAN,,,,HGNC:4948,Humans,DB05121
9904,"HLA class II histocompatibility antigen, DRB1-15 beta chain",HLA-DRB1,,,P01911,2B1F_HUMAN,1BX2; 1YMM; 2WBJ; 6CPO; 6CQQ,,,HGNC:4948,Humans,DB05121
9925,"HLA class II histocompatibility antigen, DRB1-16 beta chain",HLA-DRB1,,,Q29974,2B1G_HUMAN,,,,HGNC:4948,Humans,DB05121
9898,"HLA class II histocompatibility antigen, DRB1-3 chain",HLA-DRB1,,,P01912,2B13_HUMAN,1A6A,,,HGNC:4948,Humans,DB05121
9895,"HLA class II histocompatibility antigen, DRB1-4 beta chain",HLA-DRB1,,,P13760,2B14_HUMAN,1D5M; 1D5X; 1D5Z; 1D6E; 1J8H; 2SEB; 3O6F; 3T0E; 4IS6; 4MCY; 4MCZ; 4MD0; 4MD4; 4MD5; 4MDI; 4MDJ; 4Y19; 4Y1A; 5JLZ; 5LAX; 5NI9; 5NIG; 6BIJ; 6BIL; 6BIN; 6BIR; 6BIV; 6BIX; 6BIY; 6BIZ,,,HGNC:4948,Humans,DB05121
9892,"HLA class II histocompatibility antigen, DRB1-7 beta chain",HLA-DRB1,,,P13761,2B17_HUMAN,,,,HGNC:4948,Humans,DB05121
9901,"HLA class II histocompatibility antigen, DRB1-8 beta chain",HLA-DRB1,,,Q30134,2B18_HUMAN,,,,HGNC:4948,Humans,DB05121
9907,"HLA class II histocompatibility antigen, DRB1-9 beta chain",HLA-DRB1,,,Q9TQE0,2B19_HUMAN,,,,HGNC:4948,Humans,DB05121
5907,Interleukin-17A,IL17A,,,Q16552,IL17_HUMAN,2VXS; 4HR9; 4HSA; 4QHU,,,HGNC:5981,Humans,DB09029; DB11569
8753,Proprotein convertase subtilisin/kexin type 9,PCSK9,,,Q8NBP7,PCSK9_HUMAN,2P4E; 2PMW; 2QTW; 2W2M; 2W2N; 2W2O; 2W2P; 2W2Q; 2XTJ; 3BPS; 3GCW; 3GCX; 3H42; 3M0C; 3P5B; 3P5C; 3SQO; 4K8R; 4NE9; 4NMX; 4OV6,,,HGNC:20001,Humans,DB09302
8760,Sphingosine 1-phosphate receptor 1,S1PR1,,,P21453,S1PR1_HUMAN,3V2W; 3V2Y,,,HGNC:3165,Humans,DB09105
981,Interleukin-12 subunit beta,IL12B,180626,M65272,P29460,IL12B_HUMAN,1F42; 1F45; 3D85; 3D87; 3DUH; 3HMX; 3QWR; 4GRW; 4OE8; 4OG9,,IL12B,HGNC:5970,Humans,DB05679; DB14004; DB14762
3415,Interleukin-23 subunit alpha,IL23A,,AF301620,Q9NPF7,IL23A_HUMAN,3D85; 3D87; 3DUH; 3QWR; 4GRW; 4OE8; 4OG9,,IL23A,HGNC:15488,Humans,DB05679; DB14004; DB14762
5569,Toxin B,toxB,,,P18177,TOXB_PEPDI,2BVL; 2BVM; 4NC2; 4NP4,,,,Peptoclostridium difficile,DB13140
8876,Diacylglycerol O-acyltransferase 2,DGAT2,,,Q96PD7,DGAT2_HUMAN,"",,,HGNC:16940,Humans,DB13961
8893,Alpha-actinin-1,ACTN1,,,P12814,ACTN1_HUMAN,2EYI; 2EYN; 2N8Y; 2N8Z,,,HGNC:163,Humans,DB06773
9000,Coagulation factor XIII B chain,F13B,,,P05160,F13B_HUMAN,"",,,HGNC:3534,Humans,DB09310; DB11300; DB11571
9144,Survival motor neuron protein,SMN2,,,B4DP61,B4DP61_HUMAN,"",,,HGNC:11117,Humans,DB13161
9161,Retinoid isomerohydrolase,RPE65,,,Q16518,RPE65_HUMAN,"",,,HGNC:10294,Humans,DB13932
9282,Bone morphogenetic protein receptor type-1A,BMPR1A,,,P36894,BMR1A_HUMAN,1ES7; 1REW; 2GOO; 2H62; 2H64; 2K3G; 2QJ9; 2QJA; 2QJB; 3NH7; 3QB4,,,HGNC:1076,Humans,DB11639
9292,Bone morphogenetic protein receptor type-2,BMPR2,,,Q13873,BMPR2_HUMAN,2HLQ; 3G2F,,,HGNC:1078,Humans,DB11639
9294,30 kDa immediate-early protein 2,UL122,,,P06434,VIE3_HCMVT,"",,,,Human cytomegalovirus (strain Towne),DB06759
9295,45 kDa immediate-early protein 2,UL122,,,P06435,IE247_HCMVT,"",,,,Human cytomegalovirus (strain Towne),DB06759
9308,Fibroblast growth factor 23,FGF23,,,Q7Z4T2,Q7Z4T2_HUMAN,"",,,,Humans,DB14012
9313,Botulinum neurotoxin type C1,,,,P18640,BXC1_CLOBO,2QN0; 3DEB; 3N7K; 3R4S; 3R4U,,,,Clostridium botulinum,DB13898
9314,Botulinum neurotoxin type D,botD,,,P19321,BXD_CLOBO,2FPQ; 3N7J; 3OBR; 3OBT; 3OGG; 3RMX; 3RMY; 5BQM; 5BQN,,,,Clostridium botulinum,DB13902
9315,Botulinum neurotoxin type E,,,,Q00496,BXE_CLOBO,1T3A; 1T3C; 1ZKW; 1ZKX; 1ZL5; 1ZL6; 1ZN3; 3FFZ,,,,Clostridium botulinum,DB13897
9316,Botulinum neurotoxin type F,botF,,,P30996,BXF_CLOBO,2A8A; 2A97; 3FIE; 3FII,,,,Clostridium botulinum,DB13901
9317,Botulinum neurotoxin type G,botG,,,Q60393,BXG_CLOBO,1ZB7; 2VXR; 3MPP,,,,Clostridium botulinum,DB13899
9521,ADP-ribosylation factor-like protein 2,ARL2,,,P36404,ARL2_HUMAN,3DOE; 3DOF,,,HGNC:693,Humans,DB14731
9557,Sclerostin,SOST,,,Q9BQB4,SOST_HUMAN,2K8P; 3SOV,,,HGNC:13771,Humans,DB11866
9598,B-cell antigen receptor complex-associated protein beta chain,CD79B,,,P40259,CD79B_HUMAN,3KG5,,,HGNC:1699,Humans,DB12240
9839,Glycoprotein,G,,,P08667,GLYCO_RABVP,,,,,Rabies virus (strain Pasteur vaccins / PV),DB11603
9836,Large structural protein,L,,,P11213,L_RABVP,,,,,Rabies virus (strain Pasteur vaccins / PV),DB11603
9842,Matrix protein,M,,,P08671,MATRX_RABVP,,,,,Rabies virus (strain Pasteur vaccins / PV),DB11603
9833,Nucleoprotein,N,,,P06025,NCAP_RABVP,,,,,Rabies virus (strain Pasteur vaccins / PV),DB11603
9830,Phosphoprotein,P,,,P06747,PHOSP_RABVP,3OA1,,,,Rabies virus (strain Pasteur vaccins / PV),DB11603
9937,C-C chemokine receptor type 4,CCR4,,,P51679,CCR4_HUMAN,,,,HGNC:1605,Humans,DB12498
9951,Dystrophin,DMD,,,P11532,DMD_HUMAN,1DXX; 1EG3; 1EG4; 3UUN,,,HGNC:2928,Humans,DB15593
10272,Tumor-associated calcium signal transducer 2,TACSTD2,,,P09758,TACD2_HUMAN,2MAE; 2MVK; 2MVL,,,HGNC:11530,Humans,DB12893
10385,Integrin alpha-X,ITGAX,,,P20702,ITAX_HUMAN,1N3Y; 2LUV; 3K6S; 3K71; 3K72; 4NEH; 4NEN; 5ES4,,,HGNC:6152,Humans,DB00095
